{
  "properties": {
    "connectionReferences": {},
    "definition": {
      "$schema": "https://schema.management.azure.com/providers/Microsoft.Logic/schemas/2016-06-01/workflowdefinition.json#",
      "contentVersion": "1.0.0.0",
      "parameters": {
        "$authentication": {
          "defaultValue": {},
          "type": "SecureObject"
        }
      },
      "triggers": {
        "manual": {
          "metadata": {
            "operationMetadataId": "98f843b7-6030-46b8-845f-23842d88bb58"
          },
          "type": "Request",
          "kind": "PowerAppV2",
          "inputs": {
            "schema": {
              "type": "object",
              "properties": {},
              "required": []
            }
          }
        }
      },
      "actions": {
        "Responder_a_um_PowerApp_ou_a_um_fluxo": {
          "runAfter": {},
          "metadata": {
            "operationMetadataId": "b9dc5085-769d-4c43-9d90-85a693f9f3ae"
          },
          "type": "Response",
          "kind": "PowerApp",
          "inputs": {
            "statusCode": 200,
            "body": {
              "novo_curso_habilitado": "Olá, \nO curso que escolheu, foi habilitado para que você seja um instrutor."
            },
            "schema": {
              "type": "object",
              "properties": {
                "novo_curso_habilitado": {
                  "title": "Novo Curso Habilitado",
                  "x-ms-dynamically-added": true,
                  "type": "string",
                  "format": "email"
                }
              }
            }
          }
        }
      }
    },
    "templateName": null
  },
  "schemaVersion": "1.0.0.0"
}